{"cameraMode":{"drawMode":0,"name":"Shaded","section":"Shading Mode"},"sceneLighting":false,"audioPlay":false,"sceneViewState":{"m_AlwaysRefresh":false,"showFog":true,"showSkybox":false,"showFlares":true,"showImageEffects":true,"showParticleSystems":true,"showVisualEffectGraphs":true,"m_FxEnabled":true},"in2DMode":false,"pivot":{"x":5.090897560119629,"y":2.062793731689453,"z":0.26224392652511599},"rotation":{"x":-0.03810123726725578,"y":0.4046679139137268,"z":0.016888707876205446,"w":0.9135188460350037},"size":1.5718687772750855,"orthographic":false}