{"cameraMode":{"drawMode":0,"name":"Shaded","section":"Shading Mode"},"sceneLighting":false,"audioPlay":false,"sceneViewState":{"m_AlwaysRefresh":false,"showFog":true,"showSkybox":false,"showFlares":true,"showImageEffects":true,"showParticleSystems":true,"showVisualEffectGraphs":true,"m_FxEnabled":true},"in2DMode":false,"pivot":{"x":-0.09637176245450974,"y":0.9550835490226746,"z":-0.04869789257645607},"rotation":{"x":-0.14528711140155793,"y":0.009493812918663025,"z":-0.0013946121325716377,"w":-0.989348292350769},"size":1.4372811317443848,"orthographic":false}