{"cameraMode":{"drawMode":0,"name":"Shaded","section":"Shading Mode"},"sceneLighting":false,"audioPlay":false,"sceneViewState":{"m_AlwaysRefresh":false,"showFog":true,"showSkybox":false,"showFlares":true,"showImageEffects":true,"showParticleSystems":true,"showVisualEffectGraphs":true,"m_FxEnabled":true},"in2DMode":false,"pivot":{"x":-0.08423321694135666,"y":1.3794660568237305,"z":-0.2631451189517975},"rotation":{"x":-0.18372027575969697,"y":0.17500802874565125,"z":-0.033260371536016467,"w":-0.966697633266449},"size":1.4372811317443848,"orthographic":false}