{"cameraMode":{"drawMode":0,"name":"Shaded","section":"Shading Mode"},"sceneLighting":false,"audioPlay":false,"sceneViewState":{"m_AlwaysRefresh":false,"showFog":true,"showSkybox":false,"showFlares":true,"showImageEffects":true,"showParticleSystems":true,"showVisualEffectGraphs":true,"m_FxEnabled":true},"in2DMode":false,"pivot":{"x":0.1671154946088791,"y":1.293797492980957,"z":0.21101824939250947},"rotation":{"x":-0.13198192417621613,"y":0.497124582529068,"z":-0.07681716978549957,"w":-0.8541306257247925},"size":1.4372811317443848,"orthographic":false}